step_idx,step,gen,reward,old_log_prob,ref,values,adv,update_critic,update_actor,save_checkpoint,update_weights,dump_rollout_generations,testing,_unaccounted
1,929.93,308.80,0.00,120.84,130.85,,0.10,,359.44,,9.59,,,0.30
2,923.44,306.63,0.00,119.76,120.98,,0.07,,365.96,,9.69,,,0.34
3,937.95,316.69,0.00,120.19,123.96,,0.10,,367.25,,9.47,,,0.29
4,935.93,348.49,0.00,112.36,115.69,,0.09,,349.52,,9.54,,,0.25
5,974.60,339.65,0.00,112.17,117.67,,0.08,,352.47,42.51,9.79,,,0.26
6,887.37,309.09,0.00,109.35,114.01,,0.07,,343.73,,10.86,,,0.27
7,902.78,323.79,0.00,110.07,114.48,,0.07,,343.37,,10.74,,,0.25
8,958.55,345.19,0.00,116.96,122.10,,0.09,,363.99,,9.99,,,0.23
9,862.82,294.84,0.00,105.72,111.97,,0.07,,340.32,,9.64,,,0.25
10,922.18,300.95,0.00,107.61,115.28,,0.07,,348.67,39.86,9.49,,,0.24
11,885.58,308.74,0.00,107.24,113.42,,0.05,,345.75,,10.11,,,0.28
12,938.79,354.77,0.00,111.89,113.38,,0.09,,348.48,,9.93,,,0.25
13,872.76,296.96,0.00,109.16,114.03,,0.09,,342.13,,10.14,,,0.26
14,917.44,315.04,0.00,113.87,118.32,,0.07,,360.26,,9.59,,,0.29
15,955.96,305.08,0.00,115.30,119.78,,0.07,,358.71,46.51,10.20,,,0.30
16,938.27,346.28,0.00,114.53,117.27,,0.08,,350.27,,9.53,,,0.31
17,862.03,294.39,0.00,106.64,112.77,,0.07,,338.22,,9.69,,,0.26
18,919.95,319.74,0.00,115.68,118.42,,0.13,,356.03,,9.68,,,0.28
19,973.64,394.55,0.00,107.98,114.13,,0.09,,347.01,,9.61,,,0.26
20,961.77,311.17,0.00,117.74,120.55,,0.07,,363.31,38.96,9.72,,,0.25
21,933.49,329.19,0.00,115.63,120.04,,0.09,,358.64,,9.69,,,0.21
22,917.00,314.63,0.00,114.80,118.77,,0.06,,358.70,,9.80,,,0.23
23,922.73,328.84,0.00,113.91,118.31,,0.08,,352.04,,9.32,,,0.24
24,931.87,295.76,0.00,123.25,127.45,,0.06,,375.65,,9.50,,,0.21
25,946.48,342.79,0.00,104.92,109.67,,0.08,,336.70,42.21,9.90,,,0.22
26,918.80,331.14,0.00,111.36,116.27,,0.07,,350.30,,9.47,,,0.20
27,936.16,317.72,0.00,118.03,121.16,,0.07,,368.98,,10.01,,,0.19
28,902.90,331.05,0.00,107.72,112.60,,0.05,,341.61,,9.71,,,0.16
29,936.43,319.62,0.00,117.44,122.58,,0.07,,367.00,,9.48,,,0.23
30,944.41,320.05,0.00,111.38,115.56,,0.07,,348.81,38.62,9.75,,,0.17
31,894.20,302.47,0.00,111.64,118.65,,0.07,,351.98,,9.23,,,0.17
32,921.57,355.18,0.00,105.67,110.76,,0.07,,340.07,,9.68,,,0.13
33,918.07,321.71,0.00,112.53,118.23,,0.07,,355.48,,9.88,,,0.17
34,896.09,315.78,0.00,110.10,113.81,,0.07,,346.37,,9.70,,,0.27
35,934.02,319.99,0.00,107.62,112.65,,0.08,,342.63,40.92,9.86,,,0.27
36,930.55,334.02,0.00,114.06,117.81,,0.08,,354.92,,9.40,,,0.25
37,939.22,340.38,0.00,113.83,118.99,,0.10,,356.10,,9.55,,,0.27
38,924.51,330.08,0.00,112.41,117.02,,0.07,,355.22,,9.48,,,0.23
39,920.22,320.93,0.00,113.62,117.78,,0.07,,357.50,,10.09,,,0.23
40,918.00,307.65,0.00,106.43,112.07,,0.07,,341.74,39.89,9.92,,,0.24
41,917.34,335.96,0.00,109.99,115.37,,0.05,,346.16,,9.57,,,0.23
42,910.23,311.74,0.00,114.37,117.24,,0.07,,356.87,,9.70,,,0.24
43,903.04,317.33,0.00,109.46,116.10,,0.07,,350.08,,9.75,,,0.25
44,970.93,352.37,0.00,117.62,123.48,,0.08,,367.57,,9.57,,,0.24
45,968.09,330.29,0.00,114.48,118.65,,0.08,,356.62,38.06,9.60,,,0.30
46,914.96,335.58,0.00,109.27,113.86,,0.07,,345.83,,10.07,,,0.28
47,896.85,309.69,0.00,111.31,114.94,,0.07,,350.98,,9.61,,,0.25
48,917.44,344.85,0.00,107.14,112.57,,0.06,,342.74,,9.84,,,0.25
49,930.11,338.06,0.00,111.61,117.00,,0.07,,353.41,,9.71,,,0.26
50,959.09,309.12,0.00,116.75,121.38,,0.09,,363.84,38.12,9.52,,,0.27
51,917.85,332.52,0.00,110.71,115.27,,0.08,,349.52,,9.45,,,0.29
52,891.01,321.16,0.00,106.73,111.14,,0.07,,341.85,,9.78,,,0.29
53,948.37,334.95,0.00,117.57,120.80,,0.07,,365.29,,9.41,,,0.27
54,912.84,324.61,0.00,110.41,115.44,,0.08,,351.76,,10.27,,,0.26
55,963.51,342.47,0.00,110.46,113.65,,0.07,,347.00,39.82,9.80,,,0.22
56,906.03,332.56,0.00,107.21,112.64,,0.08,,343.76,,9.56,,,0.22
57,906.45,341.17,0.00,105.23,110.57,,0.08,,339.55,,9.62,,,0.24
58,935.82,342.65,0.00,111.07,116.92,,0.07,,355.27,,9.54,,,0.29
59,895.47,307.82,0.00,111.59,114.86,,0.15,,351.45,,9.36,,,0.25
60,970.02,325.21,0.00,114.81,119.79,,0.06,,359.77,40.34,9.78,,,0.26
61,904.77,318.60,0.00,110.97,115.53,,0.08,,349.97,,9.39,,,0.25
62,928.60,340.27,0.00,112.26,114.87,,0.07,,351.45,,9.43,,,0.25
63,932.41,314.72,0.00,118.14,122.73,,0.07,,366.88,,9.64,,,0.24
64,875.88,312.72,0.00,105.32,108.80,,0.07,,338.90,,9.80,,,0.25
65,952.41,334.86,0.00,109.05,112.78,,0.09,,346.37,39.27,9.77,,,0.23
66,904.08,335.38,0.00,106.60,111.20,,0.07,,341.09,,9.46,,,0.28
67,929.42,321.16,0.00,117.15,119.54,,0.07,,361.52,,9.73,,,0.25
68,878.58,303.89,0.00,107.37,113.58,,0.09,,343.90,,9.49,,,0.27
69,955.23,341.16,0.00,118.04,120.06,,0.09,,365.92,,9.71,,,0.27
70,967.77,350.52,0.00,108.48,113.05,,0.07,,346.20,39.42,9.80,,,0.23
71,903.96,310.86,0.00,112.05,116.78,,0.07,,354.52,,9.43,,,0.25
72,956.31,335.87,0.00,117.82,124.46,,0.07,,368.30,,9.53,,,0.26
73,895.93,318.50,0.00,108.56,113.45,,0.08,,345.58,,9.49,,,0.26
74,901.91,329.66,0.00,107.73,112.33,,0.07,,342.34,,9.56,,,0.23
75,950.73,298.30,0.00,117.45,123.09,,0.08,,362.65,39.16,9.74,,,0.25
76,915.87,328.89,0.00,109.78,116.61,,0.08,,350.94,,9.31,,,0.26
77,920.29,319.95,0.00,114.89,118.08,,0.07,,357.44,,9.59,,,0.27
78,912.60,313.36,0.00,114.06,118.63,,0.07,,356.61,,9.67,,,0.20
79,897.71,313.86,0.00,110.94,114.48,,0.07,,348.57,,9.53,,,0.24
80,970.42,319.60,0.00,117.59,119.44,,0.07,,364.17,39.60,9.71,,,0.24
81,956.99,339.48,0.00,117.56,123.62,,0.08,,366.43,,9.57,,,0.25
82,929.82,321.63,0.00,116.53,121.95,,0.08,,359.88,,9.49,,,0.27
83,884.58,313.53,0.00,107.27,111.64,,0.07,,342.12,,9.69,,,0.24
84,918.24,314.12,0.00,115.89,120.08,,0.04,,358.32,,9.55,,,0.25
85,981.34,322.22,0.00,118.82,121.87,,0.07,,368.62,39.49,9.97,,,0.27
