step,wall_s,degen,sat,sat_b2,sat_b4,sat_b16,reward,drift,rew/drift,sign_ok,d_seq,grad_norm,score,mem_gb
1.0,929.9299308843911,0.65625,0.3031249940395355,0.27812498807907104,0.2906250059604645,0.32499998807907104,1.1747243404388428,0.0,,1.0,0.0,279.3100280761719,1.063245177268982,26.477588176727295
2.0,923.4391359398142,0.6875,0.44999998807907104,0.41874998807907104,0.4437499940395355,0.47187501192092896,0.6085286736488342,0.2583598494529724,2.355353105125573,0.8230769038200378,0.2717057764530182,103.07486724853516,0.7722594738006592,32.87567090988159
3.0,937.9540945217013,0.71875,0.4437499940395355,0.390625,0.42500001192092896,0.453125,0.5318011045455933,0.2831287980079651,1.8783010004183058,0.8105263113975525,0.3160058856010437,238.3524169921875,0.7883105278015137,33.44283056259155
4.0,935.9340152796358,0.703125,0.590624988079071,0.5625,0.5687500238418579,0.59375,0.742368221282959,0.3867804706096649,1.9193529086740002,0.8727272748947144,0.40915384888648987,198.3551483154297,0.7606701254844666,33.44283056259155
5.0,974.6008903374895,0.640625,0.518750011920929,0.47187501192092896,0.5218750238418579,0.528124988079071,1.1757018566131592,0.32972636818885803,3.565689523319379,0.8307692408561707,0.37739428877830505,203.64646911621094,1.0834622383117676,33.793931007385254
6.0,887.3736765822396,0.671875,0.42500001192092896,0.3843750059604645,0.40625,0.4437499940395355,0.6541714072227478,0.27178922295570374,2.406907088179007,0.800000011920929,0.2978106141090393,517.5006103515625,0.7137176394462585,33.793931007385254
7.0,902.7789935730398,0.734375,0.48750001192092896,0.4593749940395355,0.4749999940395355,0.4937500059604645,0.5493310689926147,0.2823343873023987,1.945675389531085,0.8190476298332214,0.29921025037765503,143.92481994628906,0.8885763883590698,33.793931007385254
8.0,958.5497754309326,0.703125,0.484375,0.4593749940395355,0.4749999940395355,0.48750001192092896,0.6701748371124268,0.28985491394996643,2.3121044524644825,0.8666666746139526,0.3330148160457611,119.06524658203125,0.5805281400680542,33.793931007385254
9.0,862.8159790849313,0.8125,0.4156250059604645,0.39375001192092896,0.4124999940395355,0.4124999940395355,0.28986993432044983,0.2864852845668793,1.0118143930453098,0.6888889074325562,0.3113054037094116,116.3081283569336,0.6377151608467102,33.793931007385254
10.0,922.1760136699304,0.78125,0.453125,0.40312498807907104,0.4468750059604645,0.45625001192092896,0.5852230787277222,0.28679555654525757,2.0405583886212386,0.9125000238418579,0.29923194646835327,151.17300415039062,0.6896330714225769,33.793931007385254
11.0,885.5833915797994,0.765625,0.44999998807907104,0.421875,0.44999998807907104,0.453125,0.5989692807197571,0.27119356393814087,2.2086412082271307,0.8421052694320679,0.29250800609588623,120.50045013427734,0.6797610521316528,33.793931007385254
12.0,938.7910800110549,0.609375,0.574999988079071,0.5375000238418579,0.565625011920929,0.5874999761581421,1.1235973834991455,0.33802530169487,3.324003788667272,0.8999999761581421,0.36728566884994507,169.1228485107422,0.815264880657196,34.03314256668091
13.0,872.7648838786408,0.6875,0.4906249940395355,0.4468750059604645,0.46562498807907104,0.5062500238418579,0.7092037796974182,0.30457356572151184,2.3285138945573554,0.8782608509063721,0.3210632801055908,114.094970703125,0.8505789041519165,34.03314256668091
14.0,917.439334012568,0.65625,0.518750011920929,0.4593749940395355,0.512499988079071,0.546875,0.643082320690155,0.28982773423194885,2.2188432808003697,0.8916666507720947,0.32761794328689575,144.90565490722656,0.846919059753418,34.03314256668091
15.0,955.9577127946541,0.703125,0.41874998807907104,0.3687500059604645,0.37812501192092896,0.4375,0.5734518766403198,0.2532462179660797,2.264404504224932,0.8461538553237915,0.29009196162223816,206.7826385498047,0.6906460523605347,34.03314256668091
16.0,938.2692358242348,0.703125,0.5218750238418579,0.48750001192092896,0.5,0.528124988079071,0.7337473630905151,0.3436949551105499,2.1348796430675114,0.9142857193946838,0.36245453357696533,210.18519592285156,0.7711793184280396,34.03314256668091
17.0,862.0297490917146,0.71875,0.5,0.47187501192092896,0.49687498807907104,0.5062500238418579,0.5833373069763184,0.2988712787628174,1.9518011546343725,0.7680000066757202,0.3398711085319519,161.3141326904297,0.9480017423629761,34.03314256668091
18.0,919.9497738303617,0.71875,0.515625,0.4781250059604645,0.5062500238418579,0.518750011920929,0.9331232309341431,0.3258421719074249,2.863727630686346,0.8608695864677429,0.3613203167915344,217.5894775390625,0.8359442949295044,34.03314256668091
19.0,973.6384134413674,0.734375,0.4312500059604645,0.421875,0.4375,0.44062501192092896,0.4685606360435486,0.2823706865310669,1.6593812969746657,0.75,0.3246043622493744,128.44195556640625,0.8350170254707336,34.03314256668091
20.0,961.7673876443878,0.625,0.5562499761581421,0.512499988079071,0.5625,0.574999988079071,0.8070977926254272,0.3219579756259918,2.5068420530852347,0.8357142806053162,0.3462168872356415,174.31930541992188,0.638831377029419,34.03314256668091
21.0,933.4887181799859,0.671875,0.565625011920929,0.4906249940395355,0.543749988079071,0.574999988079071,0.7376197576522827,0.33419889211654663,2.2071280756820983,0.9428571462631226,0.3718629777431488,180.0512237548828,0.7622383832931519,34.03314256668091
22.0,917.0024248249829,0.640625,0.534375011920929,0.47187501192092896,0.515625,0.559374988079071,0.8115754127502441,0.3242928087711334,2.502600707754225,0.8615384697914124,0.36884182691574097,153.65614318847656,0.6218106746673584,34.03314256668091
23.0,922.7304019359872,0.6875,0.550000011920929,0.518750011920929,0.5375000238418579,0.574999988079071,1.0797992944717407,0.3889300227165222,2.7763330969663134,0.8545454740524292,0.4287301003932953,256.45513916015625,0.80766761302948,34.03314256668091
24.0,931.8703017495573,0.703125,0.503125011920929,0.4593749940395355,0.4937500059604645,0.5249999761581421,0.5624954700469971,0.34923255443573,1.6106616147393393,0.8380952477455139,0.38896840810775757,135.21546936035156,0.6458151936531067,34.6183066368103
25.0,946.4768686359748,0.8125,0.48124998807907104,0.45625001192092896,0.4593749940395355,0.48750001192092896,0.5725023150444031,0.3284566402435303,1.7430072798038976,0.7250000238418579,0.3668535351753235,222.7259063720703,0.9937955737113953,34.6183066368103
26.0,918.8029614081606,0.734375,0.518750011920929,0.44999998807907104,0.5,0.528124988079071,0.5112922191619873,0.31378668546676636,1.6294261128429526,0.8777777552604675,0.3438681960105896,143.09701538085938,0.6969482898712158,34.6183066368103
27.0,936.1605026973411,0.71875,0.53125,0.48750001192092896,0.5249999761581421,0.5375000238418579,0.827555775642395,0.32240915298461914,2.5667874748018535,0.8666666746139526,0.3536049723625183,222.34877014160156,0.7122727632522583,34.6183066368103
28.0,902.8998561836779,0.734375,0.5531250238418579,0.515625,0.546875,0.559374988079071,0.9463367462158203,0.32927417755126953,2.8740083818703677,0.8899999856948853,0.3504706621170044,277.41094970703125,0.9880944490432739,34.6183066368103
29.0,936.43156444747,0.65625,0.503125011920929,0.4593749940395355,0.49687498807907104,0.5062500238418579,0.7277032136917114,0.2903793454170227,2.5060433022418813,0.7724137902259827,0.3294966220855713,155.84109497070312,0.8321714401245117,34.6183066368103
30.0,944.4089539889246,0.796875,0.45625001192092896,0.44999998807907104,0.453125,0.46875,0.9703869819641113,0.3142479956150055,3.0879655415621525,0.8714285492897034,0.35120099782943726,148.82412719726562,0.8620074987411499,34.6183066368103
31.0,894.198189964518,0.6875,0.48124998807907104,0.4437499940395355,0.47187501192092896,0.4937500059604645,0.9988069534301758,0.29006633162498474,3.4433743062655533,0.8148148059844971,0.3161975145339966,400.9210510253906,0.9959413409233093,34.6183066368103
32.0,921.5663566393778,0.75,0.47187501192092896,0.46562498807907104,0.46562498807907104,0.4937500059604645,0.5801829099655151,0.31980130076408386,1.8141980929386956,0.8500000238418579,0.35836440324783325,221.9088592529297,0.7977138161659241,34.6183066368103
33.0,918.0684843305498,0.8125,0.37812501192092896,0.34687501192092896,0.3656249940395355,0.3812499940395355,0.5273743867874146,0.2524445950984955,2.089069827704771,0.9538461565971375,0.27818000316619873,134.46923828125,0.6953138709068298,34.6183066368103
34.0,896.094088899903,0.765625,0.43437498807907104,0.40312498807907104,0.41874998807907104,0.4375,0.4244229793548584,0.2765161097049713,1.5348942230081866,0.75789475440979,0.3061993718147278,111.61499786376953,0.8121846914291382,34.6183066368103
35.0,934.0167342899367,0.671875,0.5843750238418579,0.550000011920929,0.578125,0.590624988079071,0.784203827381134,0.32264333963394165,2.4305594786827482,0.8074073791503906,0.3777662217617035,197.08468627929688,0.8187392950057983,34.6183066368103
36.0,930.5535879367962,0.609375,0.574999988079071,0.512499988079071,0.550000011920929,0.5843750238418579,0.8414897918701172,0.3994712829589844,2.1065088474870843,0.892307698726654,0.4324660897254944,195.86192321777344,0.8233236074447632,34.6183066368103
37.0,939.2167814429849,0.75,0.4906249940395355,0.44062501192092896,0.48124998807907104,0.5062500238418579,0.5841014981269836,0.32789623737335205,1.7813607829293538,0.9444444179534912,0.35959160327911377,201.62228393554688,0.6916323900222778,34.6183066368103
38.0,924.512901221402,0.71875,0.515625,0.4906249940395355,0.503125011920929,0.528124988079071,0.607748806476593,0.318771094083786,1.9065367524097148,0.7900000214576721,0.3626806139945984,128.0569305419922,0.810335636138916,34.6183066368103
39.0,920.2233779756352,0.65625,0.5218750238418579,0.4937500059604645,0.4937500059604645,0.528124988079071,0.7318166494369507,0.3481946289539337,2.1017459448915576,0.800000011920929,0.37449634075164795,179.2078094482422,0.8390725255012512,34.6183066368103
40.0,917.9988404614851,0.671875,0.5562499761581421,0.5249999761581421,0.5625,0.565625011920929,0.8297808766365051,0.3381395936012268,2.4539595254115034,0.8640000224113464,0.3829791843891144,289.4812927246094,0.7222116589546204,34.6183066368103
41.0,917.3439834946766,0.6875,0.47187501192092896,0.44062501192092896,0.44062501192092896,0.48750001192092896,1.0786339044570923,0.3076101541519165,3.5064964205453295,0.7925925850868225,0.32905489206314087,181.5643768310547,1.0505294799804688,34.6183066368103
42.0,910.2332470240071,0.71875,0.515625,0.4906249940395355,0.4937500059604645,0.518750011920929,0.8585835695266724,0.32877567410469055,2.6114571032809364,0.8666666746139526,0.3541225790977478,131.04110717773438,0.9205253720283508,34.6183066368103
43.0,903.0440625650808,0.734375,0.49687498807907104,0.47187501192092896,0.47187501192092896,0.503125011920929,0.5666135549545288,0.3379814624786377,1.67646340955857,0.7636363506317139,0.3502073287963867,242.4329071044922,0.740433394908905,34.6183066368103
44.0,970.9250815082341,0.671875,0.515625,0.46562498807907104,0.49687498807907104,0.528124988079071,0.5529095530509949,0.3428214192390442,1.6128209091435428,0.8086956739425659,0.3832032084465027,220.8134765625,0.9136894941329956,34.6183066368103
45.0,968.0855186320841,0.65625,0.512499988079071,0.484375,0.5,0.5249999761581421,1.0072126388549805,0.3417673110961914,2.947071314762159,0.895652174949646,0.3890703022480011,131.41043090820312,0.716187596321106,34.6183066368103
46.0,914.9563613561913,0.78125,0.503125011920929,0.4781250059604645,0.5,0.518750011920929,0.5640600919723511,0.33927014470100403,1.6625691967958234,0.8399999737739563,0.3644322156906128,150.1983184814453,0.8140869140625,34.6183066368103
47.0,896.8528631823137,0.796875,0.534375011920929,0.503125011920929,0.5062500238418579,0.534375011920929,0.3960950970649719,0.36541804671287537,1.0839505619058842,0.800000011920929,0.38447850942611694,158.47940063476562,0.8832390904426575,34.6183066368103
48.0,917.4416723698378,0.578125,0.612500011920929,0.5625,0.5874999761581421,0.609375,1.146629810333252,0.3560234010219574,3.220658549527576,0.8928571343421936,0.38883644342422485,236.6306915283203,0.989672064781189,34.6183066368103
49.0,930.1145249148831,0.75,0.534375011920929,0.5,0.5249999761581421,0.5375000238418579,0.5117093324661255,0.3282328248023987,1.5589828128072887,0.8199999928474426,0.37911850214004517,141.28611755371094,0.7654221653938293,34.6183066368103
50.0,959.0912821954116,0.71875,0.48750001192092896,0.46875,0.48750001192092896,0.5,0.8525751829147339,0.3226976990699768,2.6420243632721205,0.782608687877655,0.3519439697265625,134.436279296875,0.7855991125106812,34.6183066368103
51.0,917.8459270177409,0.703125,0.518750011920929,0.4437499940395355,0.4906249940395355,0.5375000238418579,0.46583467721939087,0.32376062870025635,1.4388243533177387,0.8600000143051147,0.3701936900615692,228.11151123046875,0.7709816098213196,34.6183066368103
52.0,891.011531630531,0.765625,0.5093749761581421,0.4781250059604645,0.49687498807907104,0.5249999761581421,0.537684977054596,0.4048401713371277,1.3281413632414525,0.8888888955116272,0.47610989212989807,268.2945556640625,0.7900902628898621,34.6183066368103
53.0,948.3678786996752,0.625,0.5375000238418579,0.4937500059604645,0.518750011920929,0.5562499761581421,0.7783111929893494,0.37276750802993774,2.0879265929122814,0.8370370268821716,0.4208548963069916,163.5836944580078,0.8063742518424988,34.6183066368103
54.0,912.8365532737225,0.6875,0.534375011920929,0.48750001192092896,0.5093749761581421,0.550000011920929,0.6745935082435608,0.3935525119304657,1.7141130796866835,0.8636363744735718,0.4455510973930359,585.92041015625,0.8684912919998169,34.6183066368103
55.0,963.5050253914669,0.75,0.518750011920929,0.4781250059604645,0.5093749761581421,0.518750011920929,0.6495047211647034,0.40891027450561523,1.5883795582049731,0.8999999761581421,0.4394264817237854,114.18235778808594,0.7798380851745605,34.6183066368103
56.0,906.0326727321371,0.6875,0.5531250238418579,0.5093749761581421,0.534375011920929,0.5531250238418579,0.7198210954666138,0.40139514207839966,1.7932979750064335,0.8370370268821716,0.44406938552856445,345.94970703125,0.8133816719055176,34.6183066368103
57.0,906.4518396025524,0.75,0.4625000059604645,0.42500001192092896,0.4468750059604645,0.4749999940395355,0.563357412815094,0.3458530902862549,1.6288922338349374,0.7900000214576721,0.37540143728256226,183.31996154785156,0.7693942785263062,34.6183066368103
58.0,935.8221279643476,0.671875,0.49687498807907104,0.4781250059604645,0.4937500059604645,0.5218750238418579,0.6234873533248901,0.36257046461105347,1.719630841948846,0.782608687877655,0.4040902256965637,160.2069549560547,0.7462997436523438,34.6183066368103
59.0,895.4697486581281,0.703125,0.5062500238418579,0.4781250059604645,0.48750001192092896,0.512499988079071,0.6521676778793335,0.36047711968421936,1.809179119192467,0.800000011920929,0.41348928213119507,142.61965942382812,0.8795484304428101,34.6183066368103
60.0,970.0193349318579,0.671875,0.543749988079071,0.4937500059604645,0.515625,0.550000011920929,0.563163161277771,0.35820960998535156,1.5721609515188626,0.8159999847412109,0.38847461342811584,113.03927612304688,0.7959908246994019,34.6183066368103
61.0,904.7740952558815,0.71875,0.5062500238418579,0.48124998807907104,0.49687498807907104,0.5093749761581421,0.672283411026001,0.34491071105003357,1.9491520254019539,0.824999988079071,0.39568138122558594,979.2107543945312,0.7803849577903748,34.6183066368103
62.0,928.6036237282678,0.65625,0.5249999761581421,0.48124998807907104,0.5062500238418579,0.5249999761581421,0.8657656908035278,0.3728274405002594,2.3221619354032645,0.8333333134651184,0.4404803216457367,207.93678283691406,0.6566365957260132,34.6183066368103
63.0,932.4119839854538,0.671875,0.550000011920929,0.518750011920929,0.5375000238418579,0.550000011920929,1.695448875427246,0.3431236147880554,4.941218856284522,0.8769230842590332,0.35573309659957886,171.22000122070312,0.9172430038452148,34.6183066368103
64.0,875.8755523720756,0.75,0.609375,0.5625,0.596875011920929,0.621874988079071,0.7410377860069275,0.41043558716773987,1.8054910665046076,0.9333333373069763,0.4780295789241791,188.9281005859375,0.7702118158340454,34.6183066368103
65.0,952.4090766962618,0.703125,0.5218750238418579,0.4906249940395355,0.512499988079071,0.534375011920929,0.7500014305114746,0.3736478388309479,2.007241451892361,0.800000011920929,0.4519928991794586,556.5955810546875,0.9286671876907349,34.6183066368103
66.0,904.0755841443315,0.734375,0.4906249940395355,0.44999998807907104,0.4749999940395355,0.5,0.42785772681236267,0.3552692234516144,1.2043197062090418,0.7799999713897705,0.3796023428440094,131.2332000732422,0.8270084261894226,34.6183066368103
67.0,929.4238223191351,0.609375,0.574999988079071,0.5406249761581421,0.5531250238418579,0.590624988079071,0.8565964698791504,0.36416926980018616,2.3521931720080365,0.8296296000480652,0.41306018829345703,276.9874267578125,0.862544059753418,34.6183066368103
68.0,878.5829473100603,0.671875,0.453125,0.40625,0.44062501192092896,0.46562498807907104,0.7264832258224487,0.3278709352016449,2.2157597634436614,0.7919999957084656,0.36870044469833374,198.79759216308594,0.9978750944137573,34.6183066368103
69.0,955.2334971679375,0.65625,0.6000000238418579,0.5625,0.5843750238418579,0.621874988079071,0.7894186973571777,0.3905119299888611,2.021497006198236,0.9130434989929199,0.4088941514492035,164.3330535888672,0.7654479146003723,34.6183066368103
70.0,967.7691695783287,0.6875,0.5625,0.534375011920929,0.543749988079071,0.5718749761581421,0.6806086301803589,0.38087886571884155,1.7869424938971878,0.8999999761581421,0.41528043150901794,398.53997802734375,1.0605109930038452,34.6183066368103
71.0,903.964902012609,0.671875,0.5062500238418579,0.4749999940395355,0.48750001192092896,0.5218750238418579,0.5942906141281128,0.36129164695739746,1.644905491540993,0.8159999847412109,0.36927351355552673,221.0148162841797,0.7347891926765442,34.6183066368103
72.0,956.3074953816831,0.734375,0.5218750238418579,0.515625,0.5093749761581421,0.543749988079071,0.9153702855110168,0.39793112874031067,2.3003233961834293,0.8299999833106995,0.44530194997787476,124.02970123291016,0.7643362283706665,34.6183066368103
73.0,895.9302741587162,0.671875,0.5625,0.5218750238418579,0.5375000238418579,0.578125,0.6633118987083435,0.39413294196128845,1.6829648783163467,0.8148148059844971,0.43121448159217834,194.78431701660156,0.8494016528129578,34.6183066368103
74.0,901.9109524525702,0.84375,0.4906249940395355,0.48124998807907104,0.48750001192092896,0.4937500059604645,0.352708637714386,0.3358410596847534,1.050224883298861,0.746666669845581,0.3665190637111664,5229.20458984375,0.9308622479438782,34.6183066368103
75.0,950.7281801728532,0.6875,0.534375011920929,0.5062500238418579,0.528124988079071,0.53125,0.6526066064834595,0.3809567391872406,1.7130727438390392,0.800000011920929,0.43575215339660645,311.3709716796875,0.6429307460784912,34.6183066368103
76.0,915.8665180923417,0.859375,0.42500001192092896,0.40625,0.41874998807907104,0.44062501192092896,0.29834455251693726,0.347736656665802,0.8579611806749099,0.800000011920929,0.38633084297180176,107.64199829101562,0.6940015554428101,34.6183066368103
77.0,920.2932834597304,0.671875,0.5375000238418579,0.4937500059604645,0.5218750238418579,0.574999988079071,0.6548957824707031,0.36811989545822144,1.7790284919415023,0.886956512928009,0.40376704931259155,168.33352661132812,1.0289874076843262,35.33851146697998
78.0,912.6046137595549,0.71875,0.48750001192092896,0.453125,0.46875,0.49687498807907104,0.9279602766036987,0.34804409742355347,2.6662146649607283,0.8166666626930237,0.38332197070121765,180.31243896484375,0.9044586420059204,35.33851146697998
79.0,897.7067422885448,0.640625,0.5375000238418579,0.512499988079071,0.53125,0.5531250238418579,0.6354721188545227,0.4065914750099182,1.5629253388527669,0.8159999847412109,0.4465554356575012,500.4835510253906,0.9190708994865417,35.33851146697998
80.0,970.4174153665081,0.71875,0.5406249761581421,0.528124988079071,0.5249999761581421,0.546875,0.6236737966537476,0.40439993143081665,1.5422203323504855,0.8526315689086914,0.4699680805206299,284.08868408203125,0.597330629825592,35.33851146697998
81.0,956.986594973132,0.6875,0.550000011920929,0.512499988079071,0.5375000238418579,0.5562499761581421,1.241170048713684,0.4405548572540283,2.8172883087701677,0.834782600402832,0.4667518138885498,310.751220703125,0.6840037107467651,35.33851146697998
82.0,929.8207627842203,0.65625,0.578125,0.546875,0.559374988079071,0.574999988079071,1.0388623476028442,0.3756653666496277,2.765392926337448,0.8666666746139526,0.3978101313114166,240.752197265625,0.7486585378646851,35.33851146697998
83.0,884.5777207631618,0.78125,0.5562499761581421,0.53125,0.534375011920929,0.5625,0.672524094581604,0.38889336585998535,1.729327763394491,0.8399999737739563,0.41805610060691833,168.31349182128906,0.7802873849868774,35.33851146697998
84.0,918.240563031286,0.703125,0.590624988079071,0.550000011920929,0.5687500238418579,0.59375,0.6639242768287659,0.39784932136535645,1.6687832331855736,0.843478262424469,0.4371110796928406,178.26553344726562,0.8776811361312866,35.33851146697998
85.0,981.3357507372275,0.65625,0.503125011920929,0.4593749940395355,0.48750001192092896,0.515625,0.9746180772781372,0.37821346521377563,2.5768994679426838,0.8307692408561707,0.4067036211490631,147.0070343017578,0.8592925071716309,35.33851146697998
